{
  "package": {},
  "code": {
    "run_function.py": {
      "name": "run_function.py",
      "type": "python",
      "inputs": {
        "response_message": {
          "type": [
            "object"
          ],
          "allow_manual_entry": false,
          "is_multi_select": false,
          "input_type": "default",
          "value": "${use_functions_with_chat_models.output}",
          "id": "cf4g2jmu"
        }
      },
      "source": "run_function.py",
      "function": "run_function",
      "is_builtin": false,
      "enable_kwargs": false,
      "tool_state": "stable",
      "toolId": "run_function.py"
    },
    "use_functions_with_chat_models.jinja2": {
      "name": "use_functions_with_chat_models.jinja2",
      "type": "prompt",
      "inputs": {
        "chat_history": {
          "type": [
            "string"
          ],
          "allow_manual_entry": false,
          "is_multi_select": false,
          "input_type": "default",
          "value": "${inputs.chat_history}",
          "id": "1qhminb2"
        },
        "question": {
          "type": [
            "string"
          ],
          "allow_manual_entry": false,
          "is_multi_select": false,
          "input_type": "default",
          "value": "${inputs.question}",
          "id": "vi1dmj44"
        }
      },
      "source": "use_functions_with_chat_models.jinja2",
      "is_builtin": false,
      "enable_kwargs": false,
      "tool_state": "stable",
      "toolId": "use_functions_with_chat_models.jinja2"
    },
    "beast.jinja2": {
      "name": "beast.jinja2",
      "inputs": {},
      "type": "prompt",
      "toolId": "beast.jinja2",
      "description": {
        "aml": "Craft prompt using Jinja as the templating language. For more details, refer to [this document](https://aka.ms/promptflow/prompt-tool)",
        "ai_studio": "Craft prompt using Jinja as the templating language. For more details, refer to [this document](https://aka.ms/aistudio/pf/prompt-tool)"
      },
      "source": "beast.jinja2"
    }
  }
}