{
  "orientation": "Vertical",
  "nodeLayouts": {
    "inputs": {
      "x": 187,
      "y": 62,
      "index": -1
    },
    "outputs": {
      "x": 12,
      "y": 392,
      "index": -1
    },
    "run_function": {
      "x": 67.5,
      "y": 282,
      "index": 0
    },
    "use_functions_with_chat_models": {
      "x": 12,
      "y": 172,
      "index": 1
    },
    "beast": {
      "x": 362,
      "y": 172,
      "height": 75,
      "index": 2
    }
  },
  "viewport": {
    "transformMatrix": [
      1,
      0,
      0,
      1,
      -92.11111450195312,
      -246.72222137451172
    ]
  }
}